{
  "recall@1": 0.7556749999183207,
  "recall@5": 0.8554952533784542,
  "recall@10": 0.9058761657935807,
  "mean_average_precision": 0.8702277542994239,
  "training_epochs": 5,
  "final_loss": 0.2000000000000001
}