{
  "text_only_no_rerank": {
    "recall": 0.002,
    "p50": 8532.025218009949,
    "p95": 8574.816489219666
  },
  "text_only_with_rerank": {
    "recall": 0.002,
    "p50": 8631.79099559784,
    "p95": 8652.389633655548
  },
  "concat_no_rerank": {
    "recall": 0.002,
    "p50": 8916.231274604797,
    "p95": 8932.698822021484
  },
  "concat_with_rerank": {
    "recall": 0.002,
    "p50": 8918.60830783844,
    "p95": 8956.175255775452
  }
}