{
  "text_only": {
    "recall": 0.001,
    "p50": 16963.656663894653,
    "p95": 17096.543860435486
  },
  "image_only": {
    "recall": 0.002,
    "p50": 17082.950353622437,
    "p95": 17205.959177017212
  },
  "concat": {
    "recall": 0.001,
    "p50": 17626.986742019653,
    "p95": 17663.830029964447
  }
}