{
  "text_only": {
    "recall": 0.01,
    "std": 0.09949874371066199
  },
  "image_only": {
    "recall": 0.005,
    "std": 0.07053367989832945
  },
  "always_fuse": {
    "recall": 0.015,
    "std": 0.12155245781143217
  },
  "gate_routing": {
    "recall": 0.01,
    "std": 0.09949874371066199
  }
}